protein1,seq1,protein2,seq2
Amyloid beta,DAEFRHDSGYEVHHQKLVFFAEDVGSNKGAIIGLMVGGVVIA,Amyloid beta,DAEFRHDSGYEVHHQKLVFFAEDVGSNKGAIIGLMVGGVV
Amyloid beta,DAEFRHDSGYEVHHQKLVFFADVGSNKGAIIGLMVGGVV,Amyloid beta,DAEFRHDSGYEVHHQKLVFFADVGSNKGAIIGLMVGGVVIA
PSMalpha1,MGIIAGIIKVIKSLIEQFTGK,PSMalpha4,MAIVGTIIKIIKAIIDIFAK
PSMbeta1,MEGLFNAIKDTVTAAINNDGAKLGTSIVSIVENGVGLLGKLFGF,PSMbeta2,MTGLAEAIANTVQAAQQHDSVKLGTSIVDIVANGVGLLGKLFGF
IAPP,CMLCNTATCATQRLANFLVHSSNNFGAILSSTNVGSNTY,IAPP,CMLCNTATCATQRLANFLVHSSNNFGAILSSTNVGSNTY
IAPP,KMLCNTATCATQRLANFLVHSSNNFGAILSSTNVGSNTY,IAPP,KMLCNTATCATQRLANFLVHSSNNFGAILSSTNVGSNTY
Amyloid beta,DAEFRHDSGYEVHHQKLVFFADVGSNKGAIIGLMVGGVVIA,Amyloid beta,DAEFRHDSGYEVHHQKLVFFADVGSNKGAIIGLMVGGVV
Amyloid beta,DAEFRHDSGYEVHHQKLVFFAEDVGSNKGAIIGLMVGGVVIA,Amyloid beta,DAEFRHDSGYEVHHQKLVFFAGDVGSNKGAIIGLMVGGVV
Amyloid beta,DAEFRHDSGYEVHHQKLVFFAEDVGSNKGAIIGLMVGGVVIA,Amyloid beta,DAEFRHDSGYEVHHQKLVFFAEDVGSNKGAIIGLMVGGVVIA
Amyloid beta,EVHHQKLVFFAEDVGSNKGAIIGLMVGGVV,Amyloid beta,EVHHQKLVFFAEDVGSNKGAIIGLMVGGVV
PSMalpha1,MGIIAGIIKVIKSLIEQFTGK,Delta-toxin,MAQDIISTIGDLVKWIIDTVNKFTKK
IAPP,KCNTATCATQRLANFLVHSSNNFGAILSSTNVGSNTY,IAPP,KCNTATCATQRLANFLRHSSNNLGVPLPPTNVGSNTY
PSMbeta2,MTGLAEAIANTVQAAQQHDSVKLGTSIVDIVANGVGLLGKLFGF,PSMalpha3,MEFVAKLFKFFKDLLGKFLGNN
IAPP,CMLCNTATCATQRLANFLVHSSNNFGAILSSTNVGSNTY,IAPP,KMLCNTATCATQRLANFLVHSSNNFGAILSSTNVGSNTY
Amyloid beta,DAEFRHDSGYEVHHQKLVFFADVGSNKGAIIGLMVGGVV,Amyloid beta,DAEFRHDSGYEVHHQKLVFFADVGSNKGAIIGLMVGGVV
IAPP,KCNTATCATQRLANFLVLSSNNFGAILSSTNVGSNTY,IAPP,KCNTATCATQRLANFLRHSSNNLGVPLPPTNVGSNTY
IAPP,QRLANFLVHSSNNFGAILSS,IAPP,QRLANFLVHSSNNFGAILSS
Insulin,GIVEQCCASVCSLYQLENYCN,Insulin,GIVEQCCASVCSLYQLENYCN
IAPP,SSLIAGFNNSSHVLFNALRQ,IAPP,SSLIAGFNNSSHVLFNALRQ
PSMalpha3,MEFVAKLFKFFKDLLGKFLGNN,PSMbeta1,MEGLFNAIKDTVTAAINNDGAKLGTSIVSIVENGVGLLGKLFGF
Amyloid beta,DAEFRHDSGYEVHHQKLVFFAEDVGSNKGAIIGLMVGGVVIA,Amyloid beta,RHDSGYEVHHQKLVFFAEDVGSNKGAIIGLMVGGVVIA
Amyloid beta,DAEFRHDSGYEVHHQKLVFFADVGSNKGAIIGLMVGGVVIA,Amyloid beta,DAEFRHDSGYEVHHQKLVFFADVGSNKGAIIGLMVGGVVIA
Alpha-crystallin,SDRDKFVIFLDVKHF,Alpha-crystallin,SDRDKFVIFLDVKHF
PSMalpha1,MGIIAGIIKVIKSLIEQFTGK,PSMalpha2,MGIIAGIIKFIKGLIEKFTGK
PSMalpha1,MGIIAGIIKVIKSLIEQFTGK,PSMbeta1,MEGLFNAIKDTVTAAINNDGAKLGTSIVSIVENGVGLLGKLFGF
IAPP,KCNTATCATQRLANFLVLSSNNFGAILSSTNVGSNTY,IAPP,KCNTATCATQRLANFLVHSSNNFGAILSSTNVGSNTY
Amyloid beta,DAEFRHDSGYEVHHQKLVFFAEDVGSNKGAIIGLMVGGVVIA,Amyloid beta,DAEFRHDSGYEVHHQKLVFFADVGSNKGAIIGLMVGGVVIA
IAPP,KCNTATCATQRLANFLVHSGNNFGAILSSTNVGSNTY,IAPP,KCNTATCATQRLANFLVHSSNNFGAILSSTNVGSNTY
IAPP,KCNTATCATQRLANFLVHSGNNFGAILSSTNVGSNTY,IAPP,KCNTATCATQRLANFLVLSSNNFGAILSSTNVGSNTY
PSMalpha1,MGIIAGIIKVIKSLIEQFTGK,PSMalpha3,MEFVAKLFKFFKDLLGKFLGNN
IAPP,KCNTATCATQRLANFLVHSGNNFGAILSSTNVGSNTY,IAPP,KCNTATCATQRLANFLRHSSNNLGVPLPPTNVGSNTY
PSMbeta1,MEGLFNAIKDTVTAAINNDGAKLGTSIVSIVENGVGLLGKLFGF,PSMalpha4,MAIVGTIIKIIKAIIDIFAK
PSMbeta1,MEGLFNAIKDTVTAAINNDGAKLGTSIVSIVENGVGLLGKLFGF,PSMalpha1,MGIIAGIIKVIKSLIEQFTGK
Amyloid beta,EFRHDSGYEVHHQKLVFFAEDVGSNKGAIIGLMVGGVVIA,Amyloid beta,DAEFRHDSGYEVHHQKLVFFAEDVGSNKGAIIGLMVGGVVIA
PSMalpha3,MEFVAKLFKFFKDLLGKFLGNN,PSMalpha1,MGIIAGIIKVIKSLIEQFTGK
IAPP,KCNTATCATQRLANFLVHSSNNFGAILSSTNVGSNTY,Amyloid beta,DAEFRHDSGYEVHHQKLVFFAEDVGSNKGAIIGLMVGGVVIA
Amyloid beta,DAEFRHDSGYEVHHQKLVFFAEDVGSNKGAIIGLMVGGVVIA,Amyloid beta,EFRHDSGYEVHHQKLVFFAEDVGSNKGAIIGLMVGGVVIA
IAPP,KMLCNTATCATQRLANFLVHSSNNFGAILSSTNVGSNTY,IAPP,CMLCNTATCATQRLANFLVHSSNNFGAILSSTNVGSNTY
Amyloid beta,RHDSGYEVHHQKLVFFAEDVGSNKGAIIGLMVGGVV,Amyloid beta,DAEFRHDSGYEVHHQKLVFFAEDVGSNKGAIIGLMVGGVV
