protein1,seq1,protein2,seq2
Amyloid beta,DAEFRHDSGYEVHHQKLVFFAEDVGSNKGAIIGLMVGGVVIA,Amyloid beta,EFRHDSGYEVHHQKLVFFAEDVGSNKGAIIGLMVGGVVIA
IAPP,KCNTATCATQRLANFLRHSSNNLGPVLPPTNVGSNTY,IAPP,KCNTATCATQRLANFLVHSSNNFGAILSSTNVGSNTY
IAPP,KCNTATCATQRLANFLVHSSNNFGAPLSSTNVGSNTY,IAPP,KCNTATCATQRLANFLVHSSNNFGAILSSTNVGSNTY
IAPP,QRLANFLVHSSNNFGAILSS,IAPP,LIQSAFGNNVHLSRFNSSAL
Amyloid beta,EVHHQKLVFFAEDVGSNKGAIIGLMVGGVV,Amyloid beta,DAEFRHDSGYEVHHQKLVFFAEDVGSNKGAIIGLMVGGVVIA
PrP,KTNMKHMAGAAAAGAVVGGLG,IAPP,KCNTATCATQRLANFLVHSSNNFGAILSSTNVGSNTY
IAPP,ATQRLANFLVHGGGNFGAILS,Amyloid beta,DAEFRHDSGYEVHHQKLVFFAEDVGSNKGAIIGLMVGGVV
Amyloid beta,KCNTATCATQRLANFLVHSSNNFGAILSSTNVGSNTY,Amyloid beta,KCNTATCATQRLANFLVHSSNNFGAILSSTNVGSNTY
IAPP,KCNTATCATQRLANFLVHSSNNFGAILSSTNVGSNTY,IAPP,KCNTATCATQRLANFLVHSGNNFGAILSSTNVGSNTY
Amyloid beta,RHDSGYEVHHQKLVFFAEDVGSNKGAIIGLMVGGVV,Amyloid beta,DAEFRHDSGYEVHHQKLVFFAEDVGSNKGAIIGLMVGGVV
Amyloid beta,RHDSGYEVHHQKLVFFAEDVGSNKGAIIGLMVGGVVIA,Amyloid beta,RHDSGYEVHHQKLVFFAEDVGSNKGAIIGLMVGGVVIA
IAPP,ATQRLANFLVHAAANFGAILS,Amyloid beta,DAEFRHDSGYEVHHQKLVFFAEDVGSNKGAIIGLMVGGVV
IAPP,SSLIAGFNNSSHVLFNALRQ,IAPP,LIQSAFGNNVHLSRFNSSAL
IAPP,KCNTATCATQRLANFLVHSSNNFGAPLSSTNVGSNTY,Amyloid beta,DAEFRHDSGYEVHHQKLVFFAEDVGSNKGAIIGLMVGGVV
Amyloid beta,DAEFRHDSGYEVHHQKLVFFAEDVGSNKGAIIGLMVGGVVIA,Amyloid beta,DAEFRHDSGYEVHHQKLVFFAEDVGSNKGAIIGLMVGGVVIA
Amyloid beta,DAEFRHDSGYEVHHQKLVFFADVGSNKGAIIGLMVGGVV,Amyloid beta,DAEFRHDSGYEVHHQKLVFFADVGSNKGAIIGLMVGGVVIA
IAPP,KCNTATCATQRLPNFLRHSSNNLGPVLPPTNVGSNTY,IAPP,KCNTATCATQRLANFLVHSSNNFGAILSSTNVGSNTY
Amyloid beta,EFRHDSGYEVHHQKLVFFAEDVGSNKGAIIGLMVGGVVIA,Amyloid beta,DAEFRHDSGYEVHHQKLVFFAEDVGSNKGAIIGLMVGGVVIA
IAPP,KCNTATCATQRLANFLRHSSNNLGVPLPPTNVGSNTY,IAPP,KCNTATCATQRLANFLVHSSNNFGAILSSTNVGSNTY
IAPP,ATQRLANFLVHGGGNFGAILS,IAPP,KCNTATCATQRLANFLVHSSNNFGAILSSTNVGSNTY
IAPP,QRLANFLVHSSNNFGAILSS,IAPP,SSLIAGFNNSSHVLFNALRQ
Amyloid beta,DAEFRHDSGYEVHHQKLVFFADVGSNKGAIIGLMVGGVVIA,Amyloid beta,DAEFRHDSGYEVHHQKLVFFADVGSNKGAIIGLMVGGVV
Amyloid beta,DAEFRHDSGYEVHHQKLVSFAEDVGSNKGAIIGPMVGGVVIA,Amyloid beta,DAEFRHDSGYEVHHQKLVFFAEDVGSNKGAIIGLMVGGVVIA
IAPP,KCNTATCATQRLANFLRHSSNNLGVPLPPTNVGSNTY,IAPP,KCNTATCATQRLANFLVHSGNNFGAILSSTNVGSNTY
IAPP,KCNTATCATQRLANFLVRSSNNLGPVLPPTNVGSNTY,IAPP,KCNTATCATQRLANFLVHSSNNFGAILSSTNVGSNTY
IAPP,KCNTATCATQRLANFLVHSSNNFGAPLSSTNVGSNTY,IAPP,KCNTATCATQRLANFLVHSGNNFGAILSSTNVGSNTY
Amyloid beta,DAEFRHDSGYEVHHQKLVFFAEDVGSNKGAIIGLMVGGVVIA,Amyloid beta,DAEFRHDSGYEVHHQKLVFFAEDVGSNKGAIIGLMVGGVV
Amyloid beta,EVHHQKLVFFAEDVGSNKGAIIGLMVGGVVIA,Amyloid beta,EVHHQKLVFFAEDVGSNKGAIIGLMVGGVV
IAPP,KCNTATCATQRLANFLVHSSNNFGAILSSTNVGSNTY,IAPP,KCNTATCATQRLANFLVHSSNNFGAPLSSTNVGSNTY
Amyloid beta,RHDSGYEVHHQKLVFFAEDVGSNKGAIIGLMVGGVVIA,Amyloid beta,DAEFRHDSGYEVHHQKLVFFAEDVGSNKGAIIGLMVGGVVIA
IAPP,KCNTATCATQRLANFLVLSSNNFGAILSSTNVGSNTY,IAPP,KCNTATCATQRLANFLVHSGNNFGAILSSTNVGSNTY
IAPP,KMLCNTATCATQRLANFLVHSSNNFGAILSSTNVGSNTY,IAPP,CMLCNTATCATQRLANFLVHSSNNFGAILSSTNVGSNTY
Amyloid beta,DAEFRHDSGYEVHHQKLVFFAEDVGSNKGAIIGLMVGGVVIA,Amyloid beta,EVHHQKLVFFAEDVGSNKGAIIGLMVGGVV
IAPP,KCNTATCATQRLANFLVHSSNNFGAILSSTNVGSNTY,IAPP,KCNTATCATQRLANFLVHSSNNFGAILSSTNVGSNTY
IAPP,KCNTATCATQRLANFLVHSSNNFGAILSSTNVGSNTY,Amyloid beta,DAEFRHDSGYEVHHQKLVFFAEDVGSNKGAIIGLMVGGVV
PSMalpha3,MEFVAKLFKFFKDLLGKFLGNN,PSMbeta2,MTGLAEAIANTVQAAQQHDSVKLGTSIVDIVANGVGLLGKLFGF
IAPP,ATQRLANFLVHSSNNFGAILS,IAPP,KCNTATCATQRLANFLVHSSNNFGAILSSTNVGSNTY
IAPP,KCNTATCATQRLANFLVHSSNNFGAILSSTNVGSNTY,IAPP,KCNTATCATQRLANFLVLSSNNFGAILSSTNVGSNTY
