protein1,seq1,protein2,seq2
AMY20,VTSKCGSLGNIHHKPGGG,AMY20,VTSKCGSLGNIHHKPGGG
AMY59,QGVSFRMYTEDEARKI,AMY59,QGVSFRMYTEDEARKI
AMY147,VPSNEEQIKNLLQLEAQEHLQY,AMY147,VPSNEEQIKNLLQLEAQEHLQY
AMY153,TRRTTFESVGRWLDELKIHSD,AMY153,TRRTTFESVGRWLDELKIHSD
AMY156,DHPAVMEGTKTILETDSNLS,AMY156,DHPAVMEGTKTILETDSNLS
AMY159,EVEDYFEEAIRAGLH,AMY159,EVEDYFEEAIRAGLH
AMY154,AVSVEEGKALAEEEGLF,AMY154,AVSVEEGKALAEEEGLF
AMY5,QTAPVPMPDLKNVKSKIGSTENLKHQPGGGKVQIVY,AMY5,QTAPVPMPDLKNVKSKIGSTENLKHQPGGGKVQIVY
AMY11,KLDFKDRVQSKIGSLDNITHVPGGGN,AMY11,KLDFKDRVQSKIGSLDNITHVPGGGN
AMY169,EPDEAEQDSIEFGKKIANIY,AMY169,EPDEAEQDSIEFGKKIANIY
AMY76,YKQQSIQLIEAGVTKR,AMY76,YKQQSIQLIEAGVTKR
AMY125,RPDFSLEPPYTGPSK,AMY125,RPDFSLEPPYTGPSK
AMY75,YKMTQTELATKAGVK,AMY75,YKMTQTELATKAGVK
AMY85,SEDLKKHGVTVLTALGAILK,AMY85,SEDLKKHGVTVLTALGAILK
AMY161,DFSTMRRIVRNLLKELGYN,AMY161,DFSTMRRIVRNLLKELGYN
AMY162,EDGVDALNKLQAGGY,AMY162,EDGVDALNKLQAGGY
AMY168,GDGKWMRDFEQRMNGYGSV,AMY168,GDGKWMRDFEQRMNGYGSV
AMY166,GTGNTEKMAELIAKGIIESGKDY,AMY166,GTGNTEKMAELIAKGIIESGKDY
AMY64,IQRTPKIQVYSRHPAE,AMY64,IQRTPKIQVYSRHPAE
AMY16,VKSEKLDFKDRVQSKIGSLDNITHVPGGGN,AMY16,VKSEKLDFKDRVQSKIGSLDNITHVPGGGN
AMY7,KDRVQSKIGSLDNITHVPGGGN,AMY7,KDRVQSKIGSLDNITHVPGGGN
AMY58,STAQSLKSVDYEVFGRV,AMY58,STAQSLKSVDYEVFGRV
AMY171,EYSAMRDQYMRTGEG,AMY171,EYSAMRDQYMRTGEG
AMY135,TPANLKALEAQKQKEQR,AMY135,TPANLKALEAQKQKEQR
AMY173,ARTVESRQAQDLARSYGIP,AMY173,ARTVESRQAQDLARSYGIP
AMY163,MDGLELLKTIRADSAY,AMY163,MDGLELLKTIRADSAY
AMY142,YDYQEKSPREVTMKKGD,AMY142,YDYQEKSPREVTMKKGD
AMY74,MQTLSERLKKRRIALKY,AMY74,MQTLSERLKKRRIALKY
AMY91,YEQLDEEHKKIFKGIFDCIRD,AMY91,YEQLDEEHKKIFKGIFDCIRD
AMY137,YEAGKEKYVKELPEHLKPFETLLSQ,AMY137,YEAGKEKYVKELPEHLKPFETLLSQ
AMY141,AYVKKLDSGTGKELVLAL,AMY141,AYVKKLDSGTGKELVLAL
AMY78,AMALNCDPVWLQYGTKRGKA,AMY78,AMALNCDPVWLQYGTKRGKA
AMY61,PEDKVNSMKSWLSKV,AMY61,PEDKVNSMKSWLSKV
AMY70,PTGKDEYACRVNHVT,AMY70,PTGKDEYACRVNHVT
AMY97,AKNVDYCKEWLVNHIK,AMY97,AKNVDYCKEWLVNHIK
AMY15,LSKVTSKCGSLGNIHHKPGGGQVE,AMY15,LSKVTSKCGSLGNIHHKPGGGQVE
AMY136,DQKEAALVDMVNDGVEDLRCKYATLIYT,AMY136,DQKEAALVDMVNDGVEDLRCKYATLIYT
AMY30,VHHQKLVPFAEDVGS,AMY30,VHHQKLVPFAEDVGS
