pair,protein1,protein2,score,classification
0,Amyloid beta,Amyloid beta,-257.08,1
1,Amyloid beta,Amyloid beta,-292.70,1
2,PSMalpha1,PSMalpha4,-346.73,1
3,PSMbeta1,PSMbeta2,-267.28,1
4,IAPP,IAPP,-298.63,1
5,IAPP,IAPP,-295.77,1
6,Amyloid beta,Amyloid beta,-288.45,1
7,Amyloid beta,Amyloid beta,-259.61,1
8,Amyloid beta,Amyloid beta,-269.54,1
9,Amyloid beta,Amyloid beta,-276.39,1
10,PSMalpha1,Delta-toxin,-285.57,1
11,IAPP,IAPP,-293.12,1
12,PSMbeta2,PSMalpha3,-262.56,1
13,IAPP,IAPP,-290.16,1
14,Amyloid beta,Amyloid beta,-278.10,1
15,IAPP,IAPP,-296.74,1
16,IAPP,IAPP,-260.25,1
17,Insulin,Insulin,-300.69,1
18,IAPP,IAPP,-247.06,1
19,PSMalpha3,PSMbeta1,-271.59,1
20,Amyloid beta,Amyloid beta,-287.43,1
21,Amyloid beta,Amyloid beta,-297.67,1
22,Alpha-crystallin,Alpha-crystallin,-313.01,1
23,PSMalpha1,PSMalpha2,-326.41,1
24,PSMalpha1,PSMbeta1,-267.43,1
25,IAPP,IAPP,-312.27,1
26,Amyloid beta,Amyloid beta,-284.72,1
27,IAPP,IAPP,-312.34,1
28,IAPP,IAPP,-314.47,1
29,PSMalpha1,PSMalpha3,-310.99,1
30,IAPP,IAPP,-294.06,1
31,PSMbeta1,PSMalpha4,-280.70,1
32,PSMbeta1,PSMalpha1,-256.26,1
33,Amyloid beta,Amyloid beta,-280.03,1
34,PSMalpha3,PSMalpha1,-279.37,1
35,IAPP,Amyloid beta,-276.55,1
36,Amyloid beta,Amyloid beta,-273.96,1
37,IAPP,IAPP,-295.63,1
38,Amyloid beta,Amyloid beta,-265.21,1
