pair,protein1,protein2,score,classification
0,Amyloid beta,Amyloid beta,-273.96,1
1,IAPP,IAPP,-296.15,1
2,IAPP,IAPP,-302.09,1
3,IAPP,IAPP,-252.84,1
4,Amyloid beta,Amyloid beta,-269.86,1
5,PrP,IAPP,-245.39,1
6,IAPP,Amyloid beta,-246.85,1
7,Amyloid beta,Amyloid beta,-309.79,1
8,IAPP,IAPP,-313.34,1
9,Amyloid beta,Amyloid beta,-265.21,1
10,Amyloid beta,Amyloid beta,-289.44,1
11,IAPP,Amyloid beta,-257.29,1
12,IAPP,IAPP,-239.87,1
13,IAPP,Amyloid beta,-260.50,1
14,Amyloid beta,Amyloid beta,-269.54,1
15,Amyloid beta,Amyloid beta,-292.70,1
16,IAPP,IAPP,-296.09,1
17,Amyloid beta,Amyloid beta,-280.03,1
18,IAPP,IAPP,-294.87,1
19,IAPP,IAPP,-295.45,1
20,IAPP,IAPP,-248.17,1
21,Amyloid beta,Amyloid beta,-288.45,1
22,Amyloid beta,Amyloid beta,-248.06,1
23,IAPP,IAPP,-297.37,1
24,IAPP,IAPP,-299.11,1
25,IAPP,IAPP,-300.58,1
26,Amyloid beta,Amyloid beta,-257.08,1
27,Amyloid beta,Amyloid beta,-288.57,1
28,IAPP,IAPP,-297.09,1
29,Amyloid beta,Amyloid beta,-272.97,1
30,IAPP,IAPP,-316.64,1
31,IAPP,IAPP,-295.63,1
32,Amyloid beta,Amyloid beta,-272.46,1
33,IAPP,IAPP,-309.79,1
34,IAPP,Amyloid beta,-268.58,1
35,PSMalpha3,PSMbeta2,-267.75,1
36,IAPP,IAPP,-301.49,1
37,IAPP,IAPP,-314.01,1
